data,processed,removed
[object Object],9,0
[object Object],9,0
[object Object],9,0
[object Object],9,0
[object Object],9,0
[object Object],9,0
[object Object],9,0
[object Object],9,0
[object Object],9,0
[object Object],9,0
[object Object],9,0
[object Object],9,0
[object Object],9,0
[object Object],9,0
[object Object],9,0
[object Object],9,0
[object Object],9,0
[object Object],9,0
[object Object],9,0
[object Object],9,0
[object Object],9,0
[object Object],9,0
[object Object],9,0
[object Object],9,0
[object Object],9,0
[object Object],9,0
[object Object],9,0
[object Object],9,0
[object Object],9,0
[object Object],9,0
[object Object],9,0
[object Object],9,0
[object Object],9,0
[object Object],9,0
[object Object],9,0
[object Object],9,0
[object Object],9,0
[object Object],9,0
[object Object],9,0
[object Object],9,0
[object Object],9,0
[object Object],9,0
[object Object],9,0
[object Object],9,0
[object Object],9,0
[object Object],9,0
[object Object],9,0
[object Object],9,0
[object Object],9,0
[object Object],9,0
[object Object],9,0
[object Object],9,0
[object Object],9,0
[object Object],9,0
[object Object],9,0
[object Object],9,0
[object Object],9,0
[object Object],9,0
[object Object],9,0
[object Object],9,0
[object Object],9,0
[object Object],9,0
[object Object],9,0
[object Object],9,0
[object Object],9,0
[object Object],9,0
[object Object],9,0
[object Object],9,0
[object Object],9,0
[object Object],9,0
[object Object],9,0
[object Object],9,0
[object Object],9,0
[object Object],9,0
[object Object],9,0
[object Object],9,0
[object Object],9,0
[object Object],9,0
[object Object],9,0
[object Object],9,0
[object Object],9,0
[object Object],9,0
[object Object],9,0
[object Object],9,0
[object Object],9,0
[object Object],9,0
[object Object],9,0
[object Object],9,0
[object Object],9,0
[object Object],9,0
[object Object],9,0
[object Object],9,0
[object Object],9,0
[object Object],9,0
[object Object],9,0
[object Object],9,0
[object Object],9,0
[object Object],9,0
[object Object],9,0
[object Object],9,0
[object Object],9,0
[object Object],9,0
[object Object],9,0
[object Object],9,0
[object Object],9,0
[object Object],9,0
[object Object],9,0
[object Object],9,0
[object Object],9,0
[object Object],9,0
[object Object],9,0
[object Object],9,0
[object Object],9,0
[object Object],9,0
[object Object],9,0
[object Object],9,0
[object Object],9,0
[object Object],9,0
[object Object],9,0
[object Object],9,0
[object Object],9,0
[object Object],9,0
[object Object],9,0
[object Object],9,0
[object Object],9,0
[object Object],9,0
[object Object],9,0
[object Object],9,0
[object Object],9,0
[object Object],9,0
[object Object],9,0
[object Object],9,0
[object Object],9,0
[object Object],9,0
[object Object],9,0
[object Object],9,0
[object Object],9,0
[object Object],9,0
[object Object],9,0
[object Object],9,0
[object Object],9,0
[object Object],9,0
[object Object],9,0
[object Object],9,0
[object Object],9,0
[object Object],9,0
[object Object],9,0
[object Object],9,0
[object Object],9,0
[object Object],9,0
[object Object],9,0
[object Object],9,0
[object Object],9,0
[object Object],9,0
[object Object],9,0
[object Object],9,0
[object Object],9,0
[object Object],9,0
[object Object],9,0
[object Object],9,0
[object Object],9,0
[object Object],9,0
[object Object],9,0
[object Object],9,0
[object Object],9,0
[object Object],9,0
[object Object],9,0
[object Object],9,0
[object Object],9,0
[object Object],9,0
[object Object],9,0
[object Object],9,0
[object Object],9,0
[object Object],9,0
[object Object],9,0
[object Object],9,0
[object Object],9,0
[object Object],9,0
[object Object],9,0
[object Object],9,0
[object Object],9,0
[object Object],9,0
[object Object],9,0
[object Object],9,0
[object Object],9,0
[object Object],9,0
[object Object],9,0
[object Object],9,0
[object Object],9,0
[object Object],9,0
[object Object],9,0
[object Object],9,0
[object Object],9,0
[object Object],9,0
[object Object],9,0
[object Object],9,0
[object Object],9,0
[object Object],9,0
[object Object],9,0
[object Object],9,0
[object Object],9,0
[object Object],9,0
[object Object],9,0
[object Object],9,0
[object Object],9,0
[object Object],9,0
[object Object],9,0
[object Object],9,0
[object Object],9,0
[object Object],9,0
[object Object],9,0
[object Object],9,0
[object Object],9,0
[object Object],9,0
[object Object],9,0
[object Object],9,0
[object Object],9,0
[object Object],9,0
[object Object],9,0
[object Object],9,0
[object Object],9,0
[object Object],9,0
[object Object],9,0
[object Object],9,0
[object Object],9,0
[object Object],9,0
[object Object],9,0
[object Object],9,0
[object Object],9,0
[object Object],9,0
[object Object],9,0
[object Object],9,0
[object Object],9,0
[object Object],9,0
[object Object],9,0
[object Object],9,0
[object Object],9,0
[object Object],9,0
[object Object],9,0
[object Object],9,0
[object Object],9,0
[object Object],9,0
[object Object],9,0
[object Object],9,0
[object Object],9,0
[object Object],9,0
[object Object],9,0
[object Object],9,0
[object Object],9,0
[object Object],9,0
[object Object],9,0
[object Object],9,0
[object Object],9,0
[object Object],9,0
[object Object],9,0
[object Object],9,0
[object Object],9,0
[object Object],9,0
[object Object],9,0
[object Object],9,0
[object Object],9,0
[object Object],9,0
[object Object],9,0
[object Object],9,0
[object Object],9,0
[object Object],9,0
[object Object],9,0
[object Object],9,0
[object Object],9,0
[object Object],9,0
[object Object],9,0
[object Object],9,0
[object Object],9,0
[object Object],9,0
[object Object],9,0
[object Object],9,0
[object Object],9,0
[object Object],9,0
[object Object],9,0
[object Object],9,0
[object Object],9,0
[object Object],9,0
[object Object],9,0
[object Object],9,0
[object Object],9,0
[object Object],9,0
[object Object],9,0
[object Object],9,0
[object Object],9,0
[object Object],9,0
[object Object],9,0
[object Object],9,0
[object Object],9,0
[object Object],9,0
[object Object],9,0
[object Object],9,0
[object Object],9,0
[object Object],9,0
[object Object],9,0
[object Object],9,0
[object Object],9,0
[object Object],9,0
[object Object],9,0
[object Object],9,0
[object Object],9,0
[object Object],9,0
[object Object],9,0
[object Object],9,0
[object Object],9,0
[object Object],9,0
[object Object],9,0
[object Object],9,0
[object Object],9,0
[object Object],9,0
[object Object],9,0
[object Object],9,0
[object Object],9,0
[object Object],9,0
[object Object],9,0
[object Object],9,0
[object Object],9,0
[object Object],9,0
[object Object],9,0
[object Object],9,0
[object Object],9,0
[object Object],9,0
[object Object],9,0
[object Object],9,0
[object Object],9,0
[object Object],9,0
[object Object],9,0
[object Object],9,0
[object Object],9,0
[object Object],9,0
[object Object],9,0
[object Object],9,0
[object Object],9,0
[object Object],9,0
[object Object],9,0
[object Object],9,0
[object Object],9,0
[object Object],9,0
[object Object],9,0
[object Object],9,0
[object Object],9,0
[object Object],9,0
[object Object],9,0
[object Object],9,0
[object Object],9,0
[object Object],9,0
[object Object],9,0
[object Object],9,0
[object Object],9,0
[object Object],9,0
[object Object],9,0
[object Object],9,0
[object Object],9,0
[object Object],9,0
[object Object],9,0
[object Object],9,0
[object Object],9,0
[object Object],9,0
[object Object],9,0
[object Object],9,0
[object Object],9,0
[object Object],9,0
[object Object],9,0
[object Object],9,0
[object Object],9,0
[object Object],9,0
[object Object],9,0
[object Object],9,0
[object Object],9,0
[object Object],9,0
[object Object],9,0
[object Object],9,0
[object Object],9,0
[object Object],9,0
[object Object],9,0
[object Object],9,0
[object Object],9,0
[object Object],9,0
[object Object],9,0
[object Object],9,0
[object Object],9,0
[object Object],9,0
[object Object],9,0
[object Object],9,0
[object Object],9,0
[object Object],9,0
[object Object],9,0
[object Object],9,0
[object Object],9,0
[object Object],9,0
[object Object],9,0
[object Object],9,0
[object Object],9,0
[object Object],9,0
[object Object],9,0
[object Object],9,0
[object Object],9,0
[object Object],9,0
[object Object],9,0
[object Object],9,0
[object Object],9,0
[object Object],9,0
[object Object],9,0
[object Object],9,0
[object Object],9,0
[object Object],9,0
[object Object],9,0
[object Object],9,0
[object Object],9,0
[object Object],9,0
[object Object],9,0
[object Object],9,0
[object Object],9,0
[object Object],9,0
[object Object],9,0
[object Object],9,0
[object Object],9,0
[object Object],9,0
[object Object],9,0
[object Object],9,0
[object Object],9,0
[object Object],9,0
[object Object],9,0
[object Object],9,0
[object Object],9,0
[object Object],9,0
[object Object],9,0
[object Object],9,0
[object Object],9,0
[object Object],9,0
[object Object],9,0
[object Object],9,0
[object Object],9,0
[object Object],9,0
[object Object],9,0
[object Object],9,0
[object Object],9,0
[object Object],9,0
[object Object],9,0
[object Object],9,0
[object Object],9,0
[object Object],9,0
[object Object],9,0
[object Object],9,0
[object Object],9,0
[object Object],9,0
[object Object],9,0
[object Object],9,0
[object Object],9,0
[object Object],9,0
[object Object],9,0
[object Object],9,0
[object Object],9,0
[object Object],9,0
[object Object],9,0
[object Object],9,0
[object Object],9,0
[object Object],9,0
[object Object],9,0
[object Object],9,0
[object Object],9,0
[object Object],9,0
[object Object],9,0
[object Object],9,0
[object Object],9,0
[object Object],9,0
[object Object],9,0
[object Object],9,0
[object Object],9,0
[object Object],9,0
[object Object],9,0
[object Object],9,0
[object Object],9,0
[object Object],9,0
[object Object],9,0
[object Object],9,0
[object Object],9,0
[object Object],9,0
[object Object],9,0
[object Object],9,0
[object Object],9,0
[object Object],9,0
[object Object],9,0
[object Object],9,0
[object Object],9,0
[object Object],9,0
[object Object],9,0
[object Object],9,0
[object Object],9,0
[object Object],9,0
[object Object],9,0
[object Object],9,0
[object Object],9,0
[object Object],9,0
[object Object],9,0
[object Object],9,0
[object Object],9,0
[object Object],9,0
[object Object],9,0
[object Object],9,0
[object Object],9,0
[object Object],9,0
[object Object],9,0
[object Object],9,0
[object Object],9,0
[object Object],9,0
[object Object],9,0
[object Object],9,0
[object Object],9,0
[object Object],9,0
[object Object],9,0
[object Object],9,0
[object Object],9,0
[object Object],9,0
[object Object],9,0
[object Object],9,0
[object Object],9,0
[object Object],9,0
[object Object],9,0
[object Object],9,0
[object Object],9,0
[object Object],9,0
[object Object],9,0
[object Object],9,0
[object Object],9,0
[object Object],9,0
[object Object],9,0
[object Object],9,0
[object Object],9,0
[object Object],9,0
[object Object],9,0
[object Object],9,0
[object Object],9,0
[object Object],9,0
[object Object],9,0
[object Object],9,0
[object Object],9,0
[object Object],9,0
[object Object],9,0
[object Object],9,0
[object Object],9,0
[object Object],9,0
[object Object],9,0
[object Object],9,0
[object Object],9,0
[object Object],9,0
[object Object],9,0
[object Object],9,0
[object Object],9,0
[object Object],9,0
[object Object],9,0
[object Object],9,0
[object Object],9,0
[object Object],9,0
[object Object],9,0
[object Object],9,0
[object Object],9,0
[object Object],9,0
[object Object],9,0
[object Object],9,0
[object Object],9,0
[object Object],9,0
[object Object],9,0
[object Object],9,0
[object Object],9,0
[object Object],9,0
[object Object],9,0
[object Object],9,0
[object Object],9,0
[object Object],9,0
[object Object],9,0
[object Object],9,0
[object Object],9,0
[object Object],9,0
[object Object],9,0
[object Object],9,0
[object Object],9,0
[object Object],9,0
[object Object],9,0
[object Object],9,0
[object Object],9,0
[object Object],9,0
[object Object],9,0
[object Object],9,0
[object Object],9,0
[object Object],9,0
[object Object],9,0
[object Object],9,0
[object Object],9,0
[object Object],9,0
[object Object],9,0
[object Object],9,0
[object Object],9,0
[object Object],9,0
[object Object],9,0
[object Object],9,0
[object Object],9,0
[object Object],9,0
[object Object],9,0
[object Object],9,0
[object Object],9,0
[object Object],9,0
[object Object],9,0
[object Object],9,0
[object Object],9,0
[object Object],9,0
[object Object],9,0
[object Object],9,0
[object Object],9,0
[object Object],9,0
[object Object],9,0
[object Object],9,0
[object Object],9,0
[object Object],9,0
[object Object],9,0
[object Object],9,0
[object Object],9,0
[object Object],9,0
[object Object],9,0
[object Object],9,0
[object Object],9,0
[object Object],9,0
[object Object],9,0
[object Object],9,0
[object Object],9,0
[object Object],9,0
[object Object],9,0
[object Object],9,0
[object Object],9,0
[object Object],9,0
[object Object],9,0
[object Object],9,0
[object Object],9,0
[object Object],9,0
[object Object],9,0
[object Object],9,0
[object Object],9,0
[object Object],9,0
[object Object],9,0
[object Object],9,0
[object Object],9,0
[object Object],9,0
[object Object],9,0
[object Object],9,0
[object Object],9,0
[object Object],9,0
[object Object],9,0
[object Object],9,0
[object Object],9,0
[object Object],9,0
[object Object],9,0
[object Object],9,0
[object Object],9,0
[object Object],9,0
[object Object],9,0
[object Object],9,0
[object Object],9,0
[object Object],9,0
[object Object],9,0
[object Object],9,0
[object Object],9,0
[object Object],9,0
[object Object],9,0
[object Object],9,0
[object Object],9,0
[object Object],9,0
[object Object],9,0
[object Object],9,0
[object Object],9,0
[object Object],9,0
[object Object],9,0
[object Object],9,0
[object Object],9,0
[object Object],9,0
[object Object],9,0
[object Object],9,0
[object Object],9,0
[object Object],9,0
[object Object],9,0
[object Object],9,0
[object Object],9,0
[object Object],9,0
[object Object],9,0
[object Object],9,0
[object Object],9,0
[object Object],9,0
[object Object],9,0
[object Object],9,0